heuristic 1 1,heuristic 2 1,heuristic 2 2,heuristic 2 6,energy 1 0,edp 1 0
165044.66666666834,165044.66666666834,165044.6666666713,165044.66666666834,165044.66666666834,165044.66666666834
39720536.51678602,39720536.51678602,57689085.19944389,39720536.51678602,39720536.51678602,39720536.51678602
6555662709234.176,6555662709234.176,9521275837047.418,6555662709234.176,6555662709234.176,6555662709234.176
