heuristic 1 1,heuristic 2 1,heuristic 2 2,heuristic 2 6,energy 1 0,edp 1 0
257772.0000000017,257772.0000000017,257772.0000000028,257772.0000000017,257772.0000000017,257772.0000000017
50095985.10579417,50095985.10579417,57535152.522689015,50095985.10579417,50095985.10579417,50095985.10579417
12913342272690.86,12913342272690.86,14830951336078.754,12913342272690.86,12913342272690.86,12913342272690.86
