heuristic 1 1,heuristic 2 1,heuristic 2 2,heuristic 2 6,energy 1 0,edp 1 0
211003.00000000265,211003.00000000265,211003.00000000265,211003.00000000035,211003.00000000035,211003.00000000035
73515452.24005945,73515452.24005945,74664919.09080514,69532874.70165037,69532874.70165037,69532874.70165037
15511980969009.459,15511980969009.459,15754521922917.355,14671645160672.357,14671645160672.357,14671645160672.357
