heuristic 1 1,heuristic 2 1,heuristic 2 2,heuristic 2 6,energy 1 0,edp 1 0
226299.166666668,226299.166666668,226299.166666669,226299.166666668,226299.166666668,226299.166666668
83942381.36670282,83942381.36670282,99239332.49055263,83942381.36670282,83942381.36670282,83942381.36670282
18996090951300.49,18996090951300.49,22457778243168.55,18996090951300.49,18996090951300.49,18996090951300.49
