heuristic 1 1,heuristic 2 1,heuristic 2 2,heuristic 2 6,energy 1 0,edp 1 0
229541.16666666704,229541.16666666704,229541.16666666832,229541.16666666704,229541.16666666704,229541.16666666704
57998242.40566032,57998242.40566032,64663394.25632516,57998242.40566032,57998242.40566032,57998242.40566032
13312984226411.43,13312984226411.43,14842910958223.617,13312984226411.43,13312984226411.43,13312984226411.43
