heuristic 1 1,heuristic 2 1,heuristic 2 2,heuristic 2 6,energy 1 0,edp 1 0
158702.666666667,158702.6666666687,158702.66666667,158702.6666666687,158702.666666669,158702.666666669
49365091.94875502,49362935.72657098,57485502.15624268,49362935.72657098,48781529.85582372,48781529.85582372
7834371732512.635,7834029534302.186,9123102486868.322,7834029534302.186,7741758872198.954,7741758872198.954
