heuristic 1 1,heuristic 2 1,heuristic 2 2,heuristic 2 6,energy 1 0,edp 1 0
265836.333333336,265836.333333336,265836.3333333391,265836.333333336,265836.333333336,265836.333333336
92884967.82631724,92884967.82631724,101270021.6639192,92884967.82631724,92884967.82631724,92884967.82631724
24692199268733.06,24692199268733.06,26921251235724.094,24692199268733.06,24692199268733.06,24692199268733.06
