heuristic 1 1,heuristic 2 1,heuristic 2 2,heuristic 2 6,energy 1 0,edp 1 0
157602.83333333698,157602.83333333698,157602.83333334135,157602.83333333698,157602.83333333698,157602.83333333698
49105285.69257293,49105285.69257293,53491129.01210846,49105285.69257293,49105285.69257293,49105285.69257293
7739132156792.469,7739132156792.469,8430353490507.59,7739132156792.469,7739132156792.469,7739132156792.469
