heuristic 1 1,heuristic 2 1,heuristic 2 2,heuristic 2 6,energy 1 0,edp 1 0
205412.83333333465,270488.666666668,216372.66666667143,270488.666666668,188068.00000000032,188068.00000000032
93884808.8857284,96579786.14474373,109932686.87154166,96579786.14474373,91229140.45631395,91229140.45631395
19285144600176.105,26123737581243.668,23786428612227.652,26123737581243.668,17157281987338.082,17157281987338.082
