heuristic 1 1,heuristic 2 1,heuristic 2 2,heuristic 2 6,energy 1 0,edp 1 0
220140.666666668,220140.666666668,220140.6666666681,220140.666666668,220140.666666668,220140.666666668
65530016.35543686,65530016.35543686,79023670.63622546,65530016.35543686,65530016.35543686,65530016.35543686
14425821487163.527,14425821487163.527,17396323536305.879,14425821487163.527,14425821487163.527,14425821487163.527
