heuristic 1 1,heuristic 2 1,heuristic 2 2,heuristic 2 6,energy 1 0,edp 1 0
128224.83333333569,128224.83333333569,128224.83333333634,128224.83333333569,128224.83333333569,128224.83333333569
47449295.75604537,47449295.75604537,50948746.59170787,47449295.75604537,47449295.75604537,47449295.75604537
6084178040103.07,6084178040103.07,6532894540264.13,6084178040103.07,6084178040103.07,6084178040103.07
