heuristic 1 1,heuristic 2 1,heuristic 2 2,heuristic 2 6,energy 1 0,edp 1 0
173515.00000000035,173515.00000000035,173515.00000000134,173515.00000000035,173515.00000000035,173515.00000000035
72050554.23789522,72050554.23789522,82027093.47111803,72050554.23789522,72044032.54948422,72044032.54948422
12501851918588.414,12501851918588.414,14232931123641.156,12501851918588.414,12500720307823.78,12500720307823.78
