heuristic 1 1,heuristic 2 1,heuristic 2 2,heuristic 2 6,energy 1 0,edp 1 0
97205.00000000032,97205.00000000032,97205.00000000252,97205.00000000032,97205.00000000032,97205.00000000032
15653812.13409356,15653812.13409356,25448454.989312388,15653812.13409356,15653812.13409356,15653812.13409356
1521628808494.5696,1521628808494.5696,2473717067236.175,1521628808494.5696,1521628808494.5696,1521628808494.5696
