heuristic 1 1,heuristic 2 1,heuristic 2 2,heuristic 2 6,energy 1 0,edp 1 0
146541.000000002,146541.000000002,146541.00000000343,146541.000000002,146541.0000000017,146541.0000000017
23546898.02669053,23546898.02669053,27194067.138907436,23546898.02669053,23546898.02669044,23546898.026690435
3450585983729.3047,3450585983729.3047,3985045792602.728,3450585983729.3047,3450585983729.283,3450585983729.2827
