heuristic 1 1,heuristic 2 1,heuristic 2 2,heuristic 2 6,energy 1 0,edp 1 0
222641.00000000268,222641.00000000268,222641.0000000062,222641.00000000268,222641.00000000268,222641.00000000268
60081936.72062495,60081936.72062495,66207419.3477102,60081936.72062495,60081936.72062495,60081936.72062495
13376702473416.82,13376702473416.82,14740486050993.957,13376702473416.82,13376702473416.82,13376702473416.82
