heuristic 1 1,heuristic 2 1,heuristic 2 2,heuristic 2 6,energy 1 0,edp 1 0
272681.0,272681.0,272681.0,272681.0,272681.0,272681.0
73911113.40366904,73911113.40366904,81362591.48034705,73911113.40366904,73911113.40366904,73911113.40366904
20154156314025.88,20154156314025.88,22186032807452.516,20154156314025.88,20154156314025.88,20154156314025.88
