heuristic 1 1,heuristic 2 1,heuristic 2 2,heuristic 2 6,energy 1 0,edp 1 0
266760.000000001,266760.000000001,266760.0000000025,266760.000000001,266760.000000001,266760.000000001
116258684.97645228,116258684.97645228,142407584.81165022,101770238.99735886,100006039.21460731,100006039.21460731
31013166804318.523,31013166804318.523,37988647324356.17,27148228954935.55,26677611020888.746,26677611020888.746
