heuristic 1 1,heuristic 2 1,heuristic 2 2,heuristic 2 6,energy 1 0,edp 1 0
141728.500000001,143446.000000001,157492.6666666706,143446.000000001,141647.66666666864,141647.66666666864
68407357.06551798,64968946.46013402,86299542.63630748,64968946.46013402,68203391.74228601,68203391.74228601
9695272105860.332,9319535493920.45,13591545101906.1,9319535493920.45,9660851299047.549,9660851299047.549
