heuristic 1 1,heuristic 2 1,heuristic 2 2,heuristic 2 6,energy 1 0,edp 1 0
193544.3333333337,193544.3333333337,193544.33333333395,193544.3333333337,193544.3333333337,193544.3333333337
69979062.59314372,69979062.59314372,77229775.06491804,69979062.59314372,69979062.59314372,69979062.59314372
13544051016881.63,13544051016881.63,14947385328422.9,13544051016881.63,13544051016881.63,13544051016881.63
